25,15.1,752.7
24,15.3,752.7
23,15.4,752.7
23,15.4,752.8
37,10.7,752.9
35,11,752.9
27,13.5,752.9
26,14.2,752.9
25,14.9,752.9
22,15.2,752.9
22,15.4,752.9
34,11.4,753
31,12.2,753
30,13.1,753
29,13.2,753
29,13.3,753
26,13.4,753
26,13.5,753
27,13.7,753
25,13.8,753
22,15.2,753
21,15.4,753
22,15.6,753
41,10,753.1
32,11.7,753.1
30,12.7,753.1
34,12.7,753.1
32,12.9,753.1
34,13,753.1
24,14,753.1
23,14.5,753.1
21,15.3,753.1
22,15.4,753.1
95,-3.2,753.2
44,9.1,753.2
35,12.6,753.2
36,12.8,753.2
20,15.3,753.2
20,15.6,753.2
23,16.1,753.2
21,16.7,753.2
96,-3.5,753.3
96,-3.5,753.3
96,-3.4,753.3
95,-3.3,753.3
95,-3.2,753.3
95,-3.1,753.3
95,-3.1,753.3
96,-3.1,753.3
96,-3.1,753.3
95,-2.9,753.3
96,-2.9,753.3
94,-2.8,753.3
96,-2.8,753.3
97,-2.8,753.3
96,-2.7,753.3
97,-2.7,753.3
97,-2.7,753.3
96,-2.6,753.3
96,-2.5,753.3
64,3.9,753.3
49,8.2,753.3
19,15.5,753.3
23,15.8,753.3
96,-3.6,753.4
94,-2.7,753.4
96,-2.4,753.4
60,4.4,753.4
57,6.1,753.4
54,7,753.4
37,12,753.4
36,12.3,753.4
20,15.4,753.4
20,15.5,753.4
23,15.6,753.4
96,-3.6,753.5
94,-3.4,753.5
95,-3.4,753.5
95,-3.3,753.5
96,-3.2,753.5
94,-2.6,753.5
94,-2.6,753.5
96,-2.3,753.5
60,5.2,753.5
38,11.5,753.5
38,11.8,753.5
19,15.6,753.5
23,15.7,753.5
96,-3.7,753.6
95,-3.3,753.6
94,-2.5,753.6
96,-2.2,753.6
64,3.4,753.6
48,10.6,753.6
42,11.2,753.6
20,15.1,753.6
24,15.4,753.6
24,15.5,753.6
31,17.9,753.6
31,18.1,753.6
96,-3.6,753.7
95,-3.2,753.7
93,-2.4,753.7
93,-2.4,753.7
96,-2.1,753.7
55,9.9,753.7
25,15.1,753.7
33,17.2,753.7
34,17.3,753.7
32,17.5,753.7
35,17.6,753.7
33,17.7,753.7
32,17.8,753.7
31,18,753.7
31,18,753.7
32,18.1,753.7
97,-3.5,753.8
95,-3.1,753.8
92,-2.3,753.8
93,-2.1,753.8
96,-2.1,753.8
92,-2,753.8
95,-2,753.8
67,2.9,753.8
81,7.2,753.8
80,7.6,753.8
76,8.1,753.8
67,9,753.8
36,14.9,753.8
19,15,753.8
36,15.5,753.8
35,16.1,753.8
34,17.6,753.8
97,-3.3,753.9
93,-3.2,753.9
97,-3.2,753.9
94,-3.1,753.9
92,-1.8,753.9
68,2.4,753.9
82,6.9,753.9
38,14.4,753.9
18,14.9,753.9
22,16,753.9
34,17.3,753.9
20,17.6,753.9
33,17.6,753.9
16,17.7,753.9
18,17.7,753.9
33,17.7,753.9
18,17.9,753.9
20,17.9,753.9
97,-3.2,754
95,-1.9,754
92,-1.7,754
69,2,754
83,6.2,754
83,6.5,754
40,13.6,754
38,14.1,754
21,14.6,754
19,14.8,754
17,17.7,754
20,17.7,754
14,17.8,754
15,17.8,754
17,18,754
31,18.5,754
91,-3.5,754.1
97,-3.3,754.1
97,-3.2,754.1
95,-1.9,754.1
95,-1.8,754.1
95,-1.7,754.1
95,-1.6,754.1
92,-1.5,754.1
71,1.6,754.1
79,6,754.1
42,13.1,754.1
22,16,754.1
21,17.4,754.1
31,18,754.1
15,18.3,754.1
91,-3.7,754.2
97,-3.4,754.2
92,-3.3,754.2
94,-1.6,754.2
92,-1.4,754.2
74,1.2,754.2
78,5.7,754.2
79,5.9,754.2
51,11.6,754.2
45,12.5,754.2
21,14.5,754.2
21,16.5,754.2
22,17.1,754.2
32,17.8,754.2
15,18.1,754.2
93,-6.7,754.3
93,-6.7,754.3
92,-6.6,754.3
93,-6.6,754.3
93,-6.6,754.3
92,-6.4,754.3
93,-6.3,754.3
91,-3.6,754.3
91,-3.5,754.3
97,-3.4,754.3
88,-1.8,754.3
94,-1.4,754.3
91,-1.3,754.3
84,-0.7,754.3
74,0.9,754.3
79,5.6,754.3
62,8.5,754.3
60,9.4,754.3
56,10.5,754.3
21,14.5,754.3
21,16.2,754.3
21,16.3,754.3
24,16.3,754.3
15,18,754.3
32,18,754.3
92,-7.1,754.4
92,-6.9,754.4
93,-6.8,754.4
93,-6.8,754.4
93,-6.7,754.4
93,-6.7,754.4
93,-6.2,754.4
93,-6,754.4
93,-5.9,754.4
93,-5.8,754.4
93,-5.6,754.4
93,-5.6,754.4
97,-3.4,754.4
93,-1.3,754.4
91,-1.2,754.4
91,-1,754.4
81,-0.1,754.4
78,0.5,754.4
76,0.8,754.4
80,4.9,754.4
79,5.3,754.4
67,7,754.4
65,7.7,754.4
25,15.1,754.4
15,18,754.4
32,18,754.4
15,18.1,754.4
31,18.2,754.4
91,-7.2,754.5
93,-5.7,754.5
92,-5.6,754.5
91,-5.5,754.5
90,-3.5,754.5
90,-3.4,754.5
97,-3.3,754.5
90,-3.2,754.5
98,-3,754.5
89,-2.6,754.5
93,-1,754.5
93,-0.7,754.5
68,1.1,754.5
82,3.5,754.5
81,3.8,754.5
81,4.5,754.5
69,6.5,754.5
23,14.2,754.5
26,14.2,754.5
26,14.7,754.5
21,16.2,754.5
92,-5.3,754.6
91,-5.1,754.6
98,-2.7,754.6
98,-2.2,754.6
90,-0.9,754.6
93,-0.8,754.6
89,-0.7,754.6
80,0.1,754.6
80,0.2,754.6
88,0.9,754.6
88,1,754.6
83,2.6,754.6
82,3,754.6
81,3.3,754.6
45,3.9,754.6
81,4.1,754.6
72,5.5,754.6
71,6,754.6
39,6.4,754.6
34,8.1,754.6
27,13.6,754.6
22,14.3,754.6
16,17.5,754.6
16,17.7,754.6
16,17.8,754.6
32,17.9,754.6
91,-7.4,754.7
92,-5.1,754.7
99,-1.7,754.7
99,-1,754.7
88,-0.5,754.7
92,-0.5,754.7
92,-0.3,754.7
100,-0.2,754.7
79,0,754.7
90,0.5,754.7
89,0.7,754.7
84,2.3,754.7
76,4.7,754.7
74,5.1,754.7
31,9.4,754.7
30,10.2,754.7
22,14,754.7
22,15.5,754.7
22,16.5,754.7
31,17.6,754.7
16,17.8,754.7
25,23.1,754.7
25,23.1,754.7
91,-4.8,754.8
91,-4.7,754.8
91,-4.6,754.8
87,-0.2,754.8
91,-0.2,754.8
88,0,754.8
91,0,754.8
90,0.1,754.8
89,0.2,754.8
90,0.3,754.8
100,0.7,754.8
87,1.2,754.8
86,1.4,754.8
85,1.7,754.8
84,2,754.8
85,2.1,754.8
80,3.8,754.8
78,4.1,754.8
78,4.4,754.8
30,12.7,754.8
29,13.1,754.8
23,13.9,754.8
23,15.4,754.8
23,16.6,754.8
17,17.7,754.8
26,22.7,754.8
26,22.9,754.8
26,23.1,754.8
25,23.5,754.8
25,23.6,754.8
90,-7.5,754.9
91,-4.4,754.9
91,-4.2,754.9
86,-1.6,754.9
80,-0.3,754.9
90,-0.1,754.9
91,0.1,754.9
86,0.7,754.9
84,1,754.9
99,2.4,754.9
81,3.5,754.9
87,4.6,754.9
67,7.3,754.9
36,10.9,754.9
29,11,754.9
28,11.4,754.9
33,11.6,754.9
31,12.2,754.9
23,16.6,754.9
23,16.9,754.9
17,17.3,754.9
16,17.7,754.9
30,21.3,754.9
27,22.3,754.9
26,22.7,754.9
26,22.8,754.9
25,23.5,754.9
25,23.6,754.9
91,-7.5,755
91,-7.5,755
91,-4.2,755
90,-4.1,755
87,-2.4,755
86,-2.1,755
86,-1.9,755
86,-1.6,755
83,-1.2,755
81,-0.8,755
81,-0.5,755
90,-0.2,755
86,0.2,755
86,0.4,755
86,0.5,755
84,1.2,755
83,2.3,755
84,2.6,755
83,2.8,755
82,3.1,755
81,3.3,755
50,10,755
27,11.5,755
27,12,755
40,12.4,755
22,13.8,755
34,13.8,755
34,14.2,755
25,15.6,755
24,16.1,755
24,16.2,755
30,17.4,755
16,17.6,755
30,17.6,755
32,19.7,755
31,20.4,755
25,23.7,755
91,-7.5,755.1
89,-3.9,755.1
87,-2.9,755.1
86,-2.6,755.1
87,-2.4,755.1
85,-1.4,755.1
88,-0.2,755.1
88,0,755.1
83,1.5,755.1
83,1.8,755.1
83,2.1,755.1
44,9,755.1
40,9.6,755.1
38,10.1,755.1
24,13.4,755.1
32,14.9,755.1
29,15,755.1
25,15.4,755.1
26,15.4,755.1
25,15.7,755.1
17,17.5,755.1
31,17.7,755.1
38,18.9,755.1
34,19.1,755.1
37,19.2,755.1
38,19.4,755.1
25,23.6,755.1
91,-7.6,755.2
89,-3.8,755.2
89,-3.7,755.2
89,-3.5,755.2
89,-3.4,755.2
88,-3.2,755.2
88,-3.1,755.2
50,7.7,755.2
26,12.2,755.2
11,17.8,755.2
11,17.8,755.2
12,18,755.2
38,18.1,755.2
35,18.6,755.2
38,18.8,755.2
38,18.8,755.2
37,19.5,755.2
37,19.7,755.2
33,20.5,755.2
35,20.7,755.2
39,20.9,755.2
40,20.9,755.2
39,21.1,755.2
39,21.2,755.2
38,21.3,755.2
25,23.9,755.2
92,-7.5,755.3
27,12.1,755.3
23,12.9,755.3
24,13,755.3
23,13.2,755.3
23,13.2,755.3
23,13.5,755.3
18,17,755.3
40,17.1,755.3
11,17.2,755.3
41,17.3,755.3
19,17.4,755.3
19,17.4,755.3
17,17.6,755.3
29,17.9,755.3
12,18.1,755.3
12,18.2,755.3
40,18.2,755.3
12,18.3,755.3
39,18.7,755.3
38,18.9,755.3
45,19,755.3
38,19.5,755.3
43,19.7,755.3
37,19.8,755.3
42,20,755.3
34,20.3,755.3
31,20.4,755.3
41,20.4,755.3
33,20.5,755.3
30,20.7,755.3
32,20.7,755.3
34,20.7,755.3
40,20.7,755.3
39,21.1,755.3
38,21.3,755.3
38,21.4,755.3
36,21.7,755.3
37,21.7,755.3
24,24,755.3
93,-7,755.4
54,6.4,755.4
25,12.2,755.4
25,12.5,755.4
24,13.1,755.4
13,14.9,755.4
13,15.2,755.4
13,15.8,755.4
40,16.6,755.4
17,16.9,755.4
10,17.9,755.4
47,18,755.4
12,18.4,755.4
12,18.4,755.4
13,18.5,755.4
8,18.8,755.4
8,18.8,755.4
7,19.1,755.4
35,19.7,755.4
38,19.8,755.4
36,19.9,755.4
35,20.1,755.4
35,21.9,755.4
23,23.9,755.4
92,-7.3,755.5
93,-6.6,755.5
24,13.2,755.5
14,14.2,755.5
49,15.6,755.5
43,16.1,755.5
44,16.5,755.5
17,16.7,755.5
53,16.7,755.5
17,16.9,755.5
49,17.3,755.5
29,17.5,755.5
9,18,755.5
10,18.1,755.5
8,18.2,755.5
9,18.3,755.5
13,18.3,755.5
9,18.4,755.5
9,18.5,755.5
9,18.5,755.5
7,18.7,755.5
8,18.7,755.5
8,18.7,755.5
9,18.7,755.5
37,19.5,755.5
36,20,755.5
37,20.2,755.5
22,21.9,755.5
34,22,755.5
22,22.2,755.5
34,22.3,755.5
22,24.1,755.5
91,-6.2,755.6
94,-6.1,755.6
91,-6,755.6
95,-5.3,755.6
58,5.3,755.6
55,14.3,755.6
47,15.2,755.6
45,15.6,755.6
53,16,755.6
28,17.2,755.6
8,18.5,755.6
13,18.6,755.6
37,19.3,755.6
37,19.8,755.6
35,20.6,755.6
33,20.7,755.6
32,22.1,755.6
22,22.3,755.6
22,24.5,755.6
90,-5.9,755.7
91,-5.9,755.7
92,-5.8,755.7
91,-4.6,755.7
95,-4.6,755.7
100,-1.2,755.7
100,-1.1,755.7
61,12,755.7
59,13,755.7
14,13.7,755.7
53,14,755.7
65,14.3,755.7
50,14.4,755.7
49,14.8,755.7
60,15.3,755.7
18,15.8,755.7
49,16.1,755.7
16,16.4,755.7
18,16.4,755.7
16,16.7,755.7
30,16.9,755.7
45,16.9,755.7
10,17.9,755.7
42,18.2,755.7
13,18.9,755.7
8,19.1,755.7
38,19.3,755.7
38,19.6,755.7
35,20.5,755.7
28,20.8,755.7
29,21,755.7
28,21.1,755.7
29,21.2,755.7
26,21.3,755.7
26,21.4,755.7
26,21.6,755.7
25,21.9,755.7
23,22,755.7
22,24.6,755.7
91,-6.3,755.8
92,-4.5,755.8
96,-3.8,755.8
96,-3,755.8
97,-1.4,755.8
100,-1.4,755.8
100,-1.4,755.8
100,-1.4,755.8
100,-1.3,755.8
100,-1.1,755.8
100,-1,755.8
100,-0.9,755.8
100,-0.9,755.8
100,-0.9,755.8
93,0.3,755.8
79,2.2,755.8
71,4.4,755.8
61,4.5,755.8
45,9.2,755.8
64,11.1,755.8
27,11.9,755.8
61,12.2,755.8
19,12.5,755.8
17,12.8,755.8
57,13.1,755.8
16,13.3,755.8
23,13.9,755.8
61,14,755.8
55,14.6,755.8
22,14.7,755.8
14,15.3,755.8
52,15.3,755.8
20,15.5,755.8
14,15.7,755.8
19,15.8,755.8
12,17,755.8
31,17.1,755.8
12,18.5,755.8
9,18.8,755.8
13,18.8,755.8
37,19.8,755.8
38,20.1,755.8
34,20.2,755.8
28,20.8,755.8
30,21,755.8
25,21.1,755.8
29,21.1,755.8
25,21.2,755.8
32,21.2,755.8
26,21.3,755.8
31,21.3,755.8
32,21.3,755.8
27,21.4,755.8
25,21.5,755.8
26,21.6,755.8
22,21.8,755.8
26,22,755.8
22,24.3,755.8
90,-6.3,755.9
91,-6.3,755.9
91,-6.3,755.9
90,-6.2,755.9
91,-6.2,755.9
91,-5.4,755.9
92,-5.2,755.9
100,-1.4,755.9
100,-1.4,755.9
100,-0.9,755.9
100,-0.9,755.9
100,-0.8,755.9
100,-0.8,755.9
99,-0.6,755.9
100,-0.5,755.9
99,-0.4,755.9
100,-0.4,755.9
64,4.1,755.9
60,7,755.9
65,11.1,755.9
22,11.2,755.9
22,11.8,755.9
72,12.5,755.9
64,13.2,755.9
68,13.4,755.9
16,14.8,755.9
35,17.2,755.9
9,18.9,755.9
34,20.3,755.9
37,20.4,755.9
34,20.7,755.9
29,20.8,755.9
24,21,755.9
29,21.2,755.9
32,21.3,755.9
22,21.5,755.9
32,21.5,755.9
37,22.5,755.9
36,23,755.9
90,-6.3,756
90,-5.7,756
91,-5.3,756
92,-5.3,756
90,-4.5,756
100,-1.7,756
99,-0.3,756
99,-0.3,756
63,3.8,756
70,9.7,756
72,9.7,756
67,10.3,756
70,10.3,756
24,10.6,756
74,11.6,756
69,12.4,756
16,13.7,756
16,14.2,756
37,17,756
12,18.5,756
12,18.6,756
10,18.8,756
31,20.1,756
37,20.1,756
25,20.3,756
25,20.7,756
29,21.3,756
31,21.4,756
32,21.5,756
22,21.6,756
29,21.7,756
28,21.8,756
37,22.2,756
38,22.4,756
21,24.4,756
26,25,756
91,-6,756.1
90,-5.3,756.1
88,-4.1,756.1
100,-1.8,756.1
100,-0.4,756.1
99,-0.3,756.1
77,8.4,756.1
73,9,756.1
71,9.2,756.1
29,9.9,756.1
77,10.9,756.1
72,11.2,756.1
72,11.6,756.1
18,12.4,756.1
17,13.1,756.1
39,17,756.1
10,18.9,756.1
42,19.6,756.1
41,19.9,756.1
40,20,756.1
39,20.1,756.1
38,20.2,756.1
35,20.5,756.1
37,20.5,756.1
32,21.2,756.1
31,21.3,756.1
31,21.3,756.1
21,21.8,756.1
38,22.1,756.1
20,24.4,756.1
91,-5.7,756.2
91,-4.9,756.2
92,-4.5,756.2
90,-4.3,756.2
100,-1.8,756.2
100,-1.5,756.2
100,-0.4,756.2
100,-0.3,756.2
100,-0.3,756.2
100,-0.2,756.2
99,-0.1,756.2
99,0.1,756.2
100,0.5,756.2
100,0.6,756.2
64,3.3,756.2
80,7.9,756.2
33,8.9,756.2
81,9.5,756.2
79,10.2,756.2
74,10.9,756.2
21,11.8,756.2
40,16.9,756.2
29,18.4,756.2
12,18.5,756.2
46,18.8,756.2
11,18.9,756.2
33,18.9,756.2
27,19.2,756.2
38,19.9,756.2
36,20.2,756.2
36,20.4,756.2
32,21.5,756.2
32,21.5,756.2
31,21.6,756.2
32,21.6,756.2
30,21.7,756.2
31,21.8,756.2
39,21.8,756.2
38,21.9,756.2
24,24.8,756.2
23,25.3,756.2
91,-4.7,756.3
91,-3.6,756.3
100,-1.1,756.3
100,-0.6,756.3
100,-0.4,756.3
100,-0.2,756.3
100,0.1,756.3
99,0.3,756.3
100,0.3,756.3
100,0.5,756.3
100,0.7,756.3
100,1,756.3
99,1.1,756.3
100,1.1,756.3
100,1.1,756.3
67,2.5,756.3
65,3,756.3
80,7.5,756.3
38,7.8,756.3
34,8.2,756.3
72,8.8,756.3
84,8.9,756.3
80,9.7,756.3
27,10.4,756.3
75,10.4,756.3
44,16.2,756.3
43,16.7,756.3
39,16.9,756.3
39,17,756.3
35,17.5,756.3
29,17.8,756.3
34,18.1,756.3
47,18.2,756.3
45,18.5,756.3
47,18.6,756.3
45,18.7,756.3
44,18.8,756.3
12,18.9,756.3
10,19,756.3
45,19.1,756.3
44,19.6,756.3
37,20.4,756.3
42,20.4,756.3
37,20.6,756.3
31,21.3,756.3
40,21.3,756.3
31,21.4,756.3
21,21.7,756.3
32,21.7,756.3
19,24.1,756.3
87,-5.5,756.4
90,-5.4,756.4
91,-3.7,756.4
90,-3.6,756.4
100,-0.9,756.4
100,-0.6,756.4
100,0,756.4
99,0.3,756.4
98,0.4,756.4
99,0.4,756.4
99,0.4,756.4
72,0.5,756.4
100,0.8,756.4
99,1.3,756.4
82,6.8,756.4
41,7.1,756.4
81,7.2,756.4
75,8.3,756.4
85,8.5,756.4
67,11.6,756.4
62,12.7,756.4
45,16.3,756.4
41,16.5,756.4
39,16.7,756.4
35,17.1,756.4
52,17.1,756.4
30,17.3,756.4
48,18,756.4
47,18.3,756.4
46,18.6,756.4
10,18.7,756.4
38,20,756.4
38,20.1,756.4
39,20.2,756.4
31,21.3,756.4
21,21.4,756.4
30,21.5,756.4
35,22.2,756.4
35,22.3,756.4
35,22.7,756.4
25,24.6,756.4
24,25.2,756.4
87,-5.5,756.5
86,-5.3,756.5
81,-2.9,756.5
83,-2.9,756.5
83,-2.8,756.5
100,-1.1,756.5
100,-1.1,756.5
100,-1.1,756.5
100,-1.1,756.5
100,-1,756.5
100,-0.9,756.5
100,-0.8,756.5
98,0.5,756.5
72,0.9,756.5
70,1.3,756.5
99,1.3,756.5
70,1.4,756.5
99,1.4,756.5
100,1.4,756.5
99,1.6,756.5
100,1.8,756.5
67,2.1,756.5
83,6.5,756.5
77,7.8,756.5
86,8.1,756.5
82,8.5,756.5
31,8.9,756.5
80,9.1,756.5
70,9.7,756.5
69,10.7,756.5
57,13.6,756.5
49,14.6,756.5
46,15.4,756.5
50,15.7,756.5
55,15.8,756.5
54,16.4,756.5
33,16.7,756.5
36,16.8,756.5
12,18.6,756.5
10,18.7,756.5
11,18.7,756.5
12,18.7,756.5
40,19.6,756.5
40,20.1,756.5
39,20.2,756.5
21,21.1,756.5
32,21.2,756.5
37,21.3,756.5
21,21.5,756.5
31,21.6,756.5
29,21.7,756.5
37,21.7,756.5
31,22.1,756.5
31,22.3,756.5
31,22.5,756.5
34,22.9,756.5
25,23.8,756.5
22,24,756.5
14,25.5,756.5
14,25.5,756.5
14,25.5,756.5
14,25.6,756.5
14,25.6,756.5
14,25.9,756.5
83,-5.4,756.6
90,-3.6,756.6
82,-2.9,756.6
80,-2.8,756.6
79,-2.6,756.6
100,-1.2,756.6
100,-1.2,756.6
100,-1.1,756.6
100,-1.1,756.6
100,-0.7,756.6
100,-0.5,756.6
75,0.1,756.6
98,0.7,756.6
68,1.7,756.6
99,1.9,756.6
99,1.9,756.6
100,2.4,756.6
83,6.2,756.6
40,6.4,756.6
78,7.3,756.6
77,7.5,756.6
88,7.7,756.6
84,8.1,756.6
52,12.5,756.6
48,13.6,756.6
43,14.3,756.6
53,14.9,756.6
41,15.2,756.6
41,15.3,756.6
56,15.3,756.6
39,15.7,756.6
35,16.1,756.6
38,16.2,756.6
36,16.6,756.6
10,18.6,756.6
41,19.6,756.6
40,19.8,756.6
38,21.2,756.6
38,21.3,756.6
38,21.4,756.6
38,21.5,756.6
38,21.5,756.6
32,21.6,756.6
37,21.6,756.6
37,21.7,756.6
28,21.8,756.6
32,22.1,756.6
36,22.1,756.6
31,22.2,756.6
31,22.7,756.6
30,23.2,756.6
30,23.2,756.6
33,23.5,756.6
19,24.2,756.6
23,24.5,756.6
15,25.3,756.6
14,25.7,756.6
14,25.9,756.6
13,26,756.6
84,-5.9,756.7
82,-5.7,756.7
78,-2.4,756.7
77,-2.3,756.7
100,-1.6,756.7
100,-1.3,756.7
100,-1.3,756.7
100,-1.2,756.7
100,-0.3,756.7
98,0.8,756.7
98,1.9,756.7
98,2.1,756.7
100,3.4,756.7
100,4.2,756.7
100,5.5,756.7
84,6,756.7
34,6.5,756.7
81,6.7,756.7
100,6.9,756.7
79,7,756.7
35,7.6,756.7
85,7.6,756.7
99,8.5,756.7
73,8.8,756.7
81,10.4,756.7
58,11.1,756.7
69,12,756.7
66,12.2,756.7
44,14.7,756.7
54,14.9,756.7
53,15,756.7
58,15,756.7
11,18.3,756.7
9,18.4,756.7
10,18.5,756.7
43,19.3,756.7
41,19.7,756.7
38,19.9,756.7
41,19.9,756.7
36,20.9,756.7
20,21.1,756.7
40,21.3,756.7
29,21.6,756.7
38,21.6,756.7
34,21.7,756.7
30,21.8,756.7
33,21.8,756.7
34,21.8,756.7
28,22,756.7
32,22,756.7
26,22.2,756.7
35,22.2,756.7
33,22.5,756.7
32,22.8,756.7
28,23.1,756.7
29,23.4,756.7
32,23.8,756.7
26,24.1,756.7
13,25.8,756.7
14,26,756.7
85,-5.7,756.8
85,-5.5,756.8
89,-3.6,756.8
76,-2.2,756.8
100,-1.7,756.8
100,-1.5,756.8
100,-1.4,756.8
100,-1.2,756.8
77,-0.3,756.8
76,-0.2,756.8
100,-0.2,756.8
100,-0.2,756.8
98,1,756.8
97,1.4,756.8
97,1.6,756.8
97,1.7,756.8
96,1.8,756.8
96,1.9,756.8
95,2,756.8
95,2.1,756.8
98,2.2,756.8
94,2.4,756.8
91,3.9,756.8
86,5.4,756.8
86,5.7,756.8
45,5.8,756.8
83,6.4,756.8
86,7.2,756.8
76,8.3,756.8
62,10.1,756.8
60,13.1,756.8
49,13.7,756.8
56,14,756.8
60,14.5,756.8
53,14.8,756.8
9,18.4,756.8
9,18.5,756.8
11,18.6,756.8
44,19,756.8
38,19.4,756.8
40,20,756.8
38,20.3,756.8
41,20.8,756.8
40,21.1,756.8
41,21.1,756.8
19,21.2,756.8
35,21.4,756.8
39,21.4,756.8
29,21.7,756.8
35,21.7,756.8
30,21.9,756.8
35,21.9,756.8
33,22.1,756.8
25,22.4,756.8
33,22.7,756.8
33,22.7,756.8
33,22.8,756.8
29,23.5,756.8
32,23.5,756.8
28,23.6,756.8
26,24.1,756.8
20,24.2,756.8
24,24.8,756.8
13,25.8,756.8
14,25.9,756.8
84,-5.3,756.9
74,-1.9,756.9
84,-1.9,756.9
100,-1.9,756.9
100,-1.9,756.9
100,-1.8,756.9
74,-1.7,756.9
74,-1.7,756.9
83,-1.7,756.9
82,-1.5,756.9
100,-1.4,756.9
79,-0.9,756.9
78,-0.7,756.9
100,-0.7,756.9
78,-0.6,756.9
100,-0.1,756.9
100,0.1,756.9
100,0.2,756.9
98,1.1,756.9
97,1.3,756.9
98,2.3,756.9
97,2.4,756.9
94,2.6,756.9
94,2.7,756.9
93,2.8,756.9
93,3,756.9
92,3.2,756.9
91,3.4,756.9
91,3.7,756.9
91,4.1,756.9
90,4.3,756.9
89,4.5,756.9
88,4.7,756.9
87,5.1,756.9
38,5.6,756.9
85,5.9,756.9
84,6.1,756.9
84,6.2,756.9
87,6.9,756.9
62,9.4,756.9
64,13.9,756.9
10,17.9,756.9
42,18.3,756.9
11,18.5,756.9
40,18.9,756.9
39,19.3,756.9
38,20.4,756.9
37,20.7,756.9
41,20.7,756.9
41,20.9,756.9
36,21,756.9
19,21.1,756.9
26,21.7,756.9
31,22.4,756.9
24,22.5,756.9
33,22.7,756.9
32,22.8,756.9
25,24.2,756.9
21,26.2,756.9
81,-6.4,757
79,-6.3,757
77,-6.2,757
76,-5.9,757
78,-5.9,757
79,-5.9,757
78,-5.8,757
84,-4.9,757
85,-4,757
88,-3.6,757
82,-2.9,757
100,-2,757
100,-2,757
73,-1.8,757
73,-1.7,757
100,-1.5,757
100,-1.4,757
80,-1.2,757
100,-0.9,757
100,-0.9,757
100,-0.7,757
100,-0.5,757
100,0.2,757
97,2.4,757
97,2.6,757
50,4.5,757
40,4.8,757
47,4.9,757
46,5.4,757
85,5.8,757
92,6.4,757
89,6.5,757
90,6.7,757
78,7.8,757
64,8.7,757
53,12.7,757
67,13.3,757
52,17.3,757
44,17.7,757
42,18,757
48,18.3,757
46,18.4,757
43,19.1,757
47,19.2,757
43,19.3,757
39,19.9,757
43,20.3,757
37,20.4,757
37,20.4,757
37,20.8,757
20,21.1,757
31,22.1,757
23,22.3,757
33,22.5,757
31,23.1,757
32,23.2,757
32,23.3,757
30,23.5,757
30,23.6,757
19,24.1,757
13,25.7,757
14,25.7,757
12,26.8,757
81,-6.4,757.1
82,-6.4,757.1
78,-6.3,757.1
79,-6.3,757.1
74,-6.1,757.1
76,-5.9,757.1
75,-5.8,757.1
75,-5.8,757.1
87,-2.8,757.1
100,-2,757.1
84,-1.9,757.1
75,-1.5,757.1
70,-1.3,757.1
100,-0.6,757.1
100,-0.4,757.1
100,-0.3,757.1
100,-0.3,757.1
100,-0.3,757.1
100,0.3,757.1
57,0.9,757.1
96,2.7,757.1
95,2.8,757.1
95,3.1,757.1
95,3.3,757.1
95,3.9,757.1
94,4.1,757.1
94,4.1,757.1
93,4.2,757.1
86,5.5,757.1
90,6.2,757.1
93,6.2,757.1
81,7.4,757.1
67,8.2,757.1
72,12.5,757.1
54,16.6,757.1
45,17.2,757.1
10,17.5,757.1
44,17.8,757.1
47,17.9,757.1
49,18.1,757.1
11,18.3,757.1
48,18.4,757.1
46,18.7,757.1
38,20.7,757.1
21,21.1,757.1
26,21.5,757.1
32,21.7,757.1
22,22.2,757.1
29,23.4,757.1
26,23.5,757.1
19,23.9,757.1
24,24.8,757.1
81,-6.5,757.2
81,-6.5,757.2
76,-5.7,757.2
75,-5.6,757.2
87,-2.9,757.2
86,-2.7,757.2
85,-2.4,757.2
85,-2.2,757.2
98,-2.1,757.2
100,-2,757.2
98,-1.9,757.2
98,-1.8,757.2
98,-1.7,757.2
100,-1.3,757.2
69,-1.1,757.2
100,-0.9,757.2
100,-0.5,757.2
100,-0.4,757.2
100,0.3,757.2
99,1.3,757.2
95,3.6,757.2
52,3.7,757.2
95,3.7,757.2
40,4.1,757.2
49,4.1,757.2
93,4.2,757.2
92,4.3,757.2
89,4.8,757.2
89,4.9,757.2
87,5.2,757.2
93,5.2,757.2
92,5.5,757.2
91,5.8,757.2
69,7.6,757.2
71,11.2,757.2
76,11.6,757.2
58,11.8,757.2
54,15.6,757.2
48,16.5,757.2
10,17.3,757.2
49,17.5,757.2
10,17.6,757.2
51,17.7,757.2
47,18.6,757.2
11,18.8,757.2
38,19.6,757.2
41,19.8,757.2
23,20.8,757.2
34,21.3,757.2
34,21.3,757.2
24,21.6,757.2
27,23.3,757.2
20,23.8,757.2
29,24,757.2
15,24.9,757.2
13,25.4,757.2
14,25.5,757.2
12,26.6,757.2
80,-6.8,757.3
79,-6.7,757.3
73,-5.5,757.3
86,-3.4,757.3
98,-2.1,757.3
98,-2.1,757.3
98,-2.1,757.3
100,-1.9,757.3
98,-1.6,757.3
98,-1.6,757.3
98,-1.6,757.3
100,-1.6,757.3
100,-1.2,757.3
100,-1.1,757.3
71,-1,757.3
100,-1,757.3
100,-1,757.3
100,-1,757.3
100,-0.7,757.3
100,-0.6,757.3
100,-0.2,757.3
100,-0.2,757.3
100,-0.1,757.3
100,0.5,757.3
99,1,757.3
99,1,757.3
99,1.1,757.3
99,1.2,757.3
98,1.5,757.3
98,1.7,757.3
98,1.8,757.3
45,2.9,757.3
53,2.9,757.3
52,3.2,757.3
41,3.4,757.3
42,4.4,757.3
92,4.5,757.3
90,4.6,757.3
91,4.6,757.3
95,5,757.3
94,5.9,757.3
86,6.4,757.3
83,6.8,757.3
82,7,757.3
70,7.2,757.3
23,7.7,757.3
80,10.7,757.3
60,10.9,757.3
68,11.3,757.3
68,13.9,757.3
57,15.7,757.3
9,16.6,757.3
55,16.7,757.3
10,17,757.3
54,17.1,757.3
12,18.2,757.3
37,18.9,757.3
44,19.1,757.3
50,19.6,757.3
49,20.2,757.3
23,20.9,757.3
23,21.5,757.3
22,22.1,757.3
22,22.2,757.3
32,22.3,757.3
32,22.3,757.3
31,22.9,757.3
29,23.3,757.3
29,23.5,757.3
8,24.9,757.3
80,-7,757.4
72,-5.5,757.4
87,-3.2,757.4
87,-3,757.4
98,-2.1,757.4
99,-2.1,757.4
97,-1.5,757.4
100,-1.2,757.4
100,-1.1,757.4
100,-1.1,757.4
68,-0.8,757.4
100,-0.8,757.4
67,-0.6,757.4
100,-0.3,757.4
100,-0.1,757.4
60,0.6,757.4
100,0.6,757.4
61,0.8,757.4
59,1,757.4
100,1,757.4
58,1.2,757.4
57,1.8,757.4
98,1.9,757.4
57,2.1,757.4
98,2.2,757.4
47,2.4,757.4
97,2.4,757.4
54,2.6,757.4
97,2.6,757.4
97,2.9,757.4
97,3.1,757.4
87,6.1,757.4
96,9.8,757.4
82,9.9,757.4
95,10,757.4
94,10.3,757.4
16,10.7,757.4
76,11.3,757.4
70,11.4,757.4
68,11.5,757.4
74,12,757.4
11,12.5,757.4
72,12.9,757.4
10,13.8,757.4
59,14.5,757.4
10,14.6,757.4
60,14.8,757.4
65,14.9,757.4
9,15.4,757.4
59,15.8,757.4
9,16,757.4
9,16.3,757.4
10,16.3,757.4
44,17.2,757.4
11,18.1,757.4
46,18.2,757.4
50,18.2,757.4
45,18.6,757.4
50,19.6,757.4
47,20.2,757.4
46,20.4,757.4
47,20.5,757.4
33,20.6,757.4
21,20.8,757.4
22,20.8,757.4
37,20.9,757.4
20,21.4,757.4
33,21.8,757.4
33,22,757.4
23,22.1,757.4
33,22.1,757.4
27,23,757.4
21,23.8,757.4
24,24.1,757.4
25,24.6,757.4
14,25.2,757.4
12,26.2,757.4
82,-7.1,757.5
71,-5.4,757.5
73,-5.3,757.5
98,-2.4,757.5
98,-2.3,757.5
99,-2.3,757.5
98,-2.2,757.5
98,-1.3,757.5
97,-1.2,757.5
97,-1.2,757.5
100,-1.2,757.5
100,-1.1,757.5
97,-1,757.5
100,-1,757.5
100,-0.9,757.5
66,-0.6,757.5
66,-0.5,757.5
100,-0.4,757.5
65,-0.3,757.5
99,-0.1,757.5
100,-0.1,757.5
100,-0.1,757.5
100,0,757.5
64,0.1,757.5
100,0.1,757.5
100,0.1,757.5
100,0.2,757.5
100,0.2,757.5
61,0.3,757.5
100,0.5,757.5
100,0.8,757.5
100,0.8,757.5
100,0.9,757.5
100,1,757.5
100,1.1,757.5
100,1.1,757.5
100,1.1,757.5
100,1.2,757.5
100,1.2,757.5
100,1.3,757.5
55,1.5,757.5
100,2.1,757.5
54,2.4,757.5
100,2.4,757.5
100,2.6,757.5
98,2.9,757.5
96,3.4,757.5
97,3.6,757.5
97,3.7,757.5
96,3.9,757.5
96,4.1,757.5
95,4.4,757.5
95,4.7,757.5
94,5.2,757.5
94,5.5,757.5
90,5.6,757.5
94,5.7,757.5
89,5.8,757.5
71,6.9,757.5
84,9.1,757.5
96,9.6,757.5
62,10.1,757.5
79,10.8,757.5
71,11.1,757.5
63,13.2,757.5
61,14,757.5
9,15.2,757.5
10,15.9,757.5
11,18.2,757.5
36,18.8,757.5
34,19,757.5
48,19.6,757.5
49,19.8,757.5
46,20.2,757.5
20,20.7,757.5
36,20.9,757.5
21,21.5,757.5
34,21.6,757.5
26,22,757.5
23,22.6,757.5
28,23.4,757.5
23,23.5,757.5
26,23.6,757.5
7,24.9,757.5
14,25.2,757.5
82,-7.2,757.6
73,-5.3,757.6
73,-5.1,757.6
98,-2.5,757.6
98,-2.5,757.6
100,-1.1,757.6
97,-1,757.6
100,-1,757.6
100,-1,757.6
96,-0.8,757.6
96,-0.7,757.6
97,-0.6,757.6
97,-0.5,757.6
96,-0.4,757.6
96,-0.3,757.6
100,-0.3,757.6
100,0.1,757.6
100,0.3,757.6
100,0.4,757.6
100,0.5,757.6
100,0.6,757.6
100,0.6,757.6
100,0.7,757.6
100,0.8,757.6
100,0.9,757.6
100,1,757.6
100,1.2,757.6
100,1.3,757.6
100,1.3,757.6
100,1.4,757.6
100,1.4,757.6
100,1.5,757.6
100,1.5,757.6
100,1.6,757.6
100,1.7,757.6
48,1.9,757.6
100,2,757.6
100,2,757.6
99,2.5,757.6
98,2.7,757.6
98,3.1,757.6
98,3.4,757.6
98,3.5,757.6
97,3.7,757.6
97,3.7,757.6
97,3.7,757.6
95,4.9,757.6
91,5.4,757.6
72,6.6,757.6
87,8.6,757.6
99,9.3,757.6
97,9.4,757.6
98,9.4,757.6
82,10.2,757.6
66,12.1,757.6
64,13.3,757.6
50,17.1,757.6
47,17.4,757.6
48,17.6,757.6
11,18.4,757.6
37,18.5,757.6
38,18.7,757.6
40,19.1,757.6
51,19.4,757.6
50,19.5,757.6
51,19.8,757.6
38,20.2,757.6
19,20.5,757.6
19,20.8,757.6
29,20.8,757.6
35,21.1,757.6
29,21.3,757.6
20,21.6,757.6
33,21.6,757.6
28,22.4,757.6
29,23,757.6
15,24.6,757.6
12,25.7,757.6
82,-7.3,757.7
71,-5.1,757.7
69,-5,757.7
98,-2.7,757.7
98,-2.6,757.7
100,-1.1,757.7
100,-0.9,757.7
96,-0.6,757.7
96,-0.1,757.7
96,0,757.7
99,0,757.7
100,0,757.7
99,0.1,757.7
99,0.3,757.7
99,0.4,757.7
99,0.4,757.7
100,0.4,757.7
100,0.5,757.7
100,0.5,757.7
100,0.6,757.7
100,0.7,757.7
100,0.7,757.7
100,1.4,757.7
49,1.5,757.7
100,1.6,757.7
100,1.6,757.7
100,1.7,757.7
100,1.9,757.7
100,2.4,757.7
100,3.4,757.7
98,3.6,757.7
97,3.7,757.7
97,3.8,757.7
97,3.8,757.7
97,3.8,757.7
97,3.9,757.7
96,4.2,757.7
95,4.4,757.7
94,4.5,757.7
95,4.7,757.7
92,4.8,757.7
92,5.2,757.7
74,6.2,757.7
89,8.1,757.7
99,9.1,757.7
99,9.2,757.7
84,9.4,757.7
82,9.8,757.7
72,10.8,757.7
68,11.3,757.7
74,12.5,757.7
63,12.7,757.7
70,13.6,757.7
54,16.4,757.7
13,17.6,757.7
38,17.8,757.7
13,18,757.7
43,18,757.7
48,18,757.7
47,18.3,757.7
49,18.4,757.7
41,18.5,757.7
26,18.9,757.7
53,18.9,757.7
52,19.3,757.7
33,19.4,757.7
22,19.6,757.7
21,21.7,757.7
31,21.7,757.7
23,23.6,757.7
26,23.7,757.7
26,23.8,757.7
8,25.1,757.7
84,-7.2,757.8
98,-2.7,757.8
100,-1.1,757.8
100,-1.1,757.8
100,-0.9,757.8
100,-0.9,757.8
96,-0.4,757.8
96,0.1,757.8
100,0.2,757.8
100,0.3,757.8
100,0.4,757.8
100,0.5,757.8
99,0.6,757.8
99,0.6,757.8
100,0.8,757.8
100,1.7,757.8
100,1.8,757.8
100,1.8,757.8
100,2.1,757.8
100,2.2,757.8
100,2.2,757.8
100,2.3,757.8
100,2.3,757.8
100,2.4,757.8
100,2.5,757.8
100,2.7,757.8
99,2.9,757.8
99,2.9,757.8
99,3.1,757.8
98,3.5,757.8
96,3.7,757.8
94,4.3,757.8
100,5.5,757.8
76,5.8,757.8
100,7.2,757.8
91,7.8,757.8
70,8.3,757.8
86,8.7,757.8
68,8.8,757.8
98,8.9,757.8
99,9,757.8
84,9.1,757.8
66,9.4,757.8
72,9.9,757.8
70,10.5,757.8
73,10.6,757.8
80,11.1,757.8
76,11.8,757.8
63,12.2,757.8
54,13.8,757.8
60,15.5,757.8
37,16,757.8
47,16.6,757.8
59,17.3,757.8
29,17.4,757.8
47,17.4,757.8
44,17.6,757.8
13,17.7,757.8
47,17.7,757.8
46,17.9,757.8
57,17.9,757.8
36,18.1,757.8
38,18.1,757.8
39,18.1,757.8
26,18.2,757.8
42,18.2,757.8
55,18.4,757.8
47,20.4,757.8
45,20.6,757.8
37,21.1,757.8
37,21.3,757.8
37,21.3,757.8
37,21.4,757.8
37,21.4,757.8
37,21.5,757.8
22,21.7,757.8
37,21.7,757.8
36,22,757.8
36,22,757.8
36,22,757.8
30,23.1,757.8
28,23.5,757.8
29,23.6,757.8
15,24.4,757.8
8,25.2,757.8
11,25.6,757.8
83,-7.2,757.9
83,-7.1,757.9
67,-4.8,757.9
68,-4.7,757.9
68,-4.5,757.9
98,-2.8,757.9
100,-1.4,757.9
100,-1.2,757.9
100,-1.2,757.9
100,-1.1,757.9
100,-0.8,757.9
100,-0.6,757.9
100,-0.6,757.9
95,-0.3,757.9
100,-0.3,757.9
95,-0.1,757.9
96,0.1,757.9
100,0.1,757.9
100,0.1,757.9
100,0.3,757.9
100,0.5,757.9
98,0.8,757.9
100,0.9,757.9
48,1.2,757.9
100,1.3,757.9
100,2.6,757.9
100,3.2,757.9
99,3.3,757.9
99,3.4,757.9
96,3.7,757.9
95,3.8,757.9
96,4.1,757.9
79,5.2,757.9
77,5.5,757.9
92,7.4,757.9
100,8.9,757.9
75,9.3,757.9
78,11,757.9
63,11.8,757.9
71,12.7,757.9
68,13.5,757.9
65,14.5,757.9
54,15.3,757.9
50,16.4,757.9
47,16.9,757.9
49,16.9,757.9
40,17.1,757.9
58,17.5,757.9
13,17.8,757.9
39,18.2,757.9
42,20,757.9
42,20.2,757.9
46,20.4,757.9
38,20.5,757.9
45,20.5,757.9
39,20.6,757.9
40,20.7,757.9
41,20.7,757.9
37,20.8,757.9
40,20.8,757.9
39,21.1,757.9
38,21.2,757.9
20,21.9,757.9
23,22,757.9
32,22.1,757.9
33,22.2,757.9
34,22.2,757.9
29,22.3,757.9
31,23.3,757.9
25,23.6,757.9
15,24.1,757.9
10,25.5,757.9
85,-6.8,758
86,-6.5,758
87,-5.9,758
85,-5.3,758
85,-4.6,758
69,-4.5,758
68,-4.3,758
98,-2.9,758
100,-1.4,758
100,-1.2,758
100,-0.1,758
100,0,758
100,0,758
95,0.1,758
95,0.1,758
100,0.2,758
100,0.3,758
100,0.3,758
52,0.7,758
98,0.9,758
98,1,758
100,1,758
98,1.1,758
97,1.2,758
100,2.1,758
100,3.1,758
95,4,758
100,4.2,758
81,4.6,758
80,4.9,758
100,5,758
100,5.7,758
100,6.6,758
83,6.8,758
93,7,758
99,7.7,758
71,7.9,758
88,8.4,758
100,8.8,758
60,9.6,758
81,10.3,758
73,10.6,758
65,11.1,758
73,11.9,758
51,12,758
48,14,758
56,15.2,758
44,15.5,758
54,15.9,758
50,16.3,758
52,16.6,758
61,16.9,758
51,17,758
13,17.3,758
49,17.5,758
48,18,758
47,18.1,758
43,18.8,758
45,19,758
37,19.2,758
40,19.7,758
42,20.1,758
40,20.8,758
44,20.8,758
38,21.3,758
39,21.4,758
32,22.2,758
26,23.1,758
28,23.7,758
17,23.8,758
16,24.2,758
8,25.2,758
68,-4.1,758.1
80,-3.7,758.1
98,-3,758.1
100,-0.1,758.1
100,-0.1,758.1
55,0.1,758.1
94,0.2,758.1
94,0.2,758.1
100,0.3,758.1
50,0.4,758.1
94,0.4,758.1
100,0.4,758.1
93,0.5,758.1
100,0.7,758.1
100,1.3,758.1
100,1.3,758.1
97,1.4,758.1
100,1.4,758.1
100,2.3,758.1
100,2.7,758.1
99,3.3,758.1
99,3.4,758.1
97,3.7,758.1
96,3.9,758.1
82,4.2,758.1
95,4.2,758.1
96,4.3,758.1
71,7.5,758.1
90,8.1,758.1
100,8.6,758.1
77,8.9,758.1
78,9.4,758.1
82,9.8,758.1
76,10.1,758.1
74,10.6,758.1
70,13.2,758.1
60,15.1,758.1
55,15.5,758.1
55,15.7,758.1
53,16.2,758.1
51,16.5,758.1
62,16.5,758.1
52,17.1,758.1
12,17.6,758.1
41,18,758.1
41,18.4,758.1
35,19.7,758.1
42,21.5,758.1
32,21.7,758.1
33,22.1,758.1
34,22.1,758.1
20,22.2,758.1
33,23,758.1
29,23.3,758.1
11,25.2,758.1
67,-4.1,758.2
65,-3.9,758.2
62,-3.7,758.2
62,-3.5,758.2
63,-3.3,758.2
65,-3.2,758.2
64,-3.1,758.2
98,-3,758.2
75,-2.7,758.2
100,-1.4,758.2
70,-1.2,758.2
100,-1.2,758.2
100,-0.9,758.2
54,-0.2,758.2
100,-0.1,758.2
94,0.4,758.2
94,0.5,758.2
100,0.5,758.2
93,0.7,758.2
93,0.7,758.2
93,0.8,758.2
93,1,758.2
100,1.1,758.2
100,1.3,758.2
100,1.4,758.2
96,1.5,758.2
97,1.5,758.2
100,1.5,758.2
58,1.6,758.2
100,1.6,758.2
96,1.7,758.2
100,1.7,758.2
100,1.7,758.2
100,1.8,758.2
100,1.9,758.2
100,2,758.2
100,2.2,758.2
100,2.2,758.2
100,2.2,758.2
100,2.2,758.2
100,2.3,758.2
100,2.4,758.2
100,2.5,758.2
100,2.9,758.2
100,3.1,758.2
100,3.3,758.2
98,3.4,758.2
97,3.5,758.2
83,3.6,758.2
82,3.9,758.2
96,4,758.2
51,4.2,758.2
97,4.2,758.2
100,5.5,758.2
48,6.3,758.2
95,6.7,758.2
91,7.7,758.2
91,7.9,758.2
83,8.3,758.2
78,8.5,758.2
81,8.7,758.2
83,9.2,758.2
74,10.4,758.2
74,10.4,758.2
63,10.5,758.2
78,10.5,758.2
75,11.2,758.2
63,13.5,758.2
66,14.1,758.2
59,14.5,758.2
59,15.2,758.2
65,15.7,758.2
64,16.1,758.2
13,17.1,758.2
38,19.1,758.2
39,19.1,758.2
39,19.2,758.2
36,19.4,758.2
41,20.8,758.2
39,21.3,758.2
39,21.9,758.2
18,22,758.2
32,22.1,758.2
31,22.3,758.2
35,22.5,758.2
26,23.6,758.2
17,23.9,758.2
8,24.6,758.2
98,-3.1,758.3
62,-2.9,758.3
61,-1.5,758.3
100,-1.4,758.3
100,-1.4,758.3
59,-1.3,758.3
56,-0.6,758.3
55,-0.4,758.3
100,-0.2,758.3
100,-0.1,758.3
93,0.9,758.3
100,0.9,758.3
93,1.2,758.3
100,1.5,758.3
100,1.5,758.3
100,1.9,758.3
100,2.1,758.3
100,2.1,758.3
89,2.2,758.3
100,2.2,758.3
100,2.4,758.3
88,2.5,758.3
100,2.5,758.3
87,2.6,758.3
85,2.9,758.3
84,3.2,758.3
100,3.5,758.3
96,3.9,758.3
100,5.1,758.3
96,5.8,758.3
96,6.1,758.3
95,6.4,758.3
72,7,758.3
92,7.2,758.3
99,7.4,758.3
83,7.5,758.3
90,7.5,758.3
91,7.6,758.3
99,7.9,758.3
82,8,758.3
88,8.2,758.3
100,8.3,758.3
37,8.7,758.3
86,8.7,758.3
100,9.1,758.3
63,10,758.3
81,10,758.3
91,10.7,758.3
22,12,758.3
66,12.6,758.3
69,13.1,758.3
64,14.3,758.3
17,14.4,758.3
68,15.3,758.3
13,16.4,758.3
39,18.3,758.3
39,21.2,758.3
39,21.4,758.3
19,21.8,758.3
32,22.8,758.3
27,23.3,758.3
18,23.6,758.3
8,24.4,758.3
14,25,758.3
98,-3.1,758.4
61,-2.7,758.4
62,-2.5,758.4
63,-2.3,758.4
61,-2,758.4
61,-1.7,758.4
58,-1,758.4
100,-0.7,758.4
100,-0.5,758.4
92,1.2,758.4
93,1.3,758.4
93,1.4,758.4
92,1.5,758.4
100,1.5,758.4
95,1.8,758.4
90,2,758.4
100,3.2,758.4
95,3.7,758.4
95,3.7,758.4
100,4,758.4
99,4.6,758.4
99,4.6,758.4
98,4.7,758.4
98,4.7,758.4
99,4.7,758.4
100,4.7,758.4
100,4.9,758.4
100,4.9,758.4
100,4.9,758.4
100,5.3,758.4
97,5.6,758.4
100,6.2,758.4
91,6.8,758.4
92,7,758.4
92,7.1,758.4
100,7.1,758.4
91,7.3,758.4
80,7.7,758.4
89,7.8,758.4
100,8,758.4
79,8.1,758.4
100,8.2,758.4
87,9.7,758.4
75,11.4,758.4
70,11.7,758.4
73,12.2,758.4
68,12.4,758.4
69,13.4,758.4
71,14.8,758.4
15,15.6,758.4
14,16.1,758.4
14,16.4,758.4
36,18.8,758.4
42,20.5,758.4
39,21.1,758.4
40,21.1,758.4
22,21.2,758.4
31,22.1,758.4
32,22.2,758.4
32,22.8,758.4
19,23.2,758.4
26,23.6,758.4
10,24.1,758.4
98,-3.1,758.5
98,-3.1,758.5
63,-2.4,758.5
61,-1.8,758.5
99,-1.3,758.5
99,-1.1,758.5
100,-0.1,758.5
100,1.2,758.5
100,1.2,758.5
92,1.4,758.5
100,1.4,758.5
100,1.5,758.5
91,1.6,758.5
100,1.6,758.5
91,1.8,758.5
100,1.8,758.5
100,2,758.5
95,2.1,758.5
100,2.3,758.5
95,3.8,758.5
99,4.2,758.5
100,4.2,758.5
100,4.3,758.5
100,4.3,758.5
99,4.4,758.5
99,4.6,758.5
100,4.6,758.5
97,4.9,758.5
100,5.1,758.5
96,5.2,758.5
96,5.2,758.5
95,5.4,758.5
94,5.7,758.5
94,6,758.5
100,6.1,758.5
93,6.3,758.5
92,6.6,758.5
74,6.7,758.5
83,7,758.5
100,7,758.5
82,7.3,758.5
90,7.3,758.5
82,9.4,758.5
63,9.6,758.5
82,9.6,758.5
79,10.6,758.5
75,11.5,758.5
72,12.4,758.5
58,14.8,758.5
51,16.7,758.5
43,17.6,758.5
49,17.6,758.5
48,18.2,758.5
43,19.3,758.5
30,20.5,758.5
38,20.9,758.5
31,22,758.5
31,22.6,758.5
20,22.9,758.5
28,23,758.5
23,24,758.5
15,24.8,758.5
99,-2.8,758.6
99,-1.2,758.6
100,-1.2,758.6
99,-1,758.6
99,-1,758.6
99,-0.9,758.6
100,0.2,758.6
100,0.3,758.6
100,0.4,758.6
100,0.4,758.6
100,0.4,758.6
100,0.5,758.6
100,0.6,758.6
100,0.7,758.6
100,0.9,758.6
100,0.9,758.6
100,1.1,758.6
100,1.4,758.6
100,1.4,758.6
100,1.4,758.6
100,1.5,758.6
100,1.5,758.6
100,1.5,758.6
92,1.6,758.6
100,1.6,758.6
100,1.7,758.6
91,1.8,758.6
100,1.9,758.6
100,2,758.6
100,2.1,758.6
100,2.1,758.6
100,2.2,758.6
95,2.3,758.6
94,2.5,758.6
94,2.7,758.6
100,4,758.6
98,5.2,758.6
97,5.3,758.6
95,5.7,758.6
77,6.3,758.6
86,6.4,758.6
76,6.5,758.6
100,6.5,758.6
84,6.6,758.6
83,9.1,758.6
80,10.1,758.6
78,10.8,758.6
71,11.1,758.6
75,14.1,758.6
51,15.8,758.6
45,17.8,758.6
34,19.2,758.6
42,20.3,758.6
35,20.8,758.6
38,21.2,758.6
32,21.9,758.6
29,22.6,758.6
15,24.2,758.6
9,24.3,758.6
95,-3.3,758.7
96,-3,758.7
96,-3,758.7
95,-2.9,758.7
95,-2.8,758.7
95,-2.7,758.7
95,-2.6,758.7
95,-2.6,758.7
96,-2.6,758.7
100,-1.8,758.7
99,-1.7,758.7
100,-1.5,758.7
100,-1.4,758.7
100,-1.3,758.7
99,-0.7,758.7
99,-0.6,758.7
99,-0.5,758.7
99,-0.4,758.7
99,-0.2,758.7
99,-0.1,758.7
100,0,758.7
100,0,758.7
100,0.1,758.7
100,0.1,758.7
100,0.2,758.7
100,1,758.7
100,1,758.7
100,1.1,758.7
100,1.2,758.7
100,1.4,758.7
100,1.5,758.7
100,1.5,758.7
100,1.5,758.7
100,1.6,758.7
100,1.6,758.7
100,1.7,758.7
100,1.8,758.7
92,1.9,758.7
100,1.9,758.7
100,1.9,758.7
100,2,758.7
100,2.1,758.7
100,2.1,758.7
100,2.1,758.7
100,2.3,758.7
100,2.4,758.7
94,2.8,758.7
93,3,758.7
100,3.2,758.7
100,3.4,758.7
100,3.8,758.7
100,4,758.7
89,4.1,758.7
99,4.1,758.7
100,4.1,758.7
100,4.2,758.7
100,4.2,758.7
100,4.3,758.7
90,4.4,758.7
99,4.4,758.7
100,4.4,758.7
90,4.5,758.7
98,4.6,758.7
100,4.6,758.7
89,4.8,758.7
100,4.8,758.7
98,4.9,758.7
100,5,758.7
89,5.1,758.7
89,5.2,758.7
88,5.5,758.7
100,5.5,758.7
86,5.7,758.7
79,5.8,758.7
100,5.8,758.7
79,6,758.7
86,6,758.7
78,6.1,758.7
94,6.1,758.7
86,6.2,758.7
94,6.7,758.7
91,6.9,758.7
84,8.9,758.7
85,9,758.7
84,9.3,758.7
62,9.6,758.7
82,9.7,758.7
81,10.2,758.7
73,10.8,758.7
61,12.2,758.7
79,13.4,758.7
33,19.7,758.7
36,20.3,758.7
41,21.1,758.7
39,21.3,758.7
32,22.1,758.7
20,22.6,758.7
30,22.7,758.7
29,22.9,758.7
23,24,758.7
95,-3.2,758.8
96,-3.1,758.8
95,-3,758.8
95,-2.5,758.8
99,-2.5,758.8
95,-2.2,758.8
95,-2.1,758.8
100,-1.8,758.8
100,-0.2,758.8
100,-0.2,758.8
100,-0.2,758.8
98,-0.1,758.8
100,-0.1,758.8
100,-0.1,758.8
98,0,758.8
98,0.1,758.8
98,0.3,758.8
97,0.4,758.8
97,0.6,758.8
97,0.7,758.8
97,0.8,758.8
96,0.9,758.8
100,1,758.8
96,1.1,758.8
100,1.3,758.8
100,1.5,758.8
100,1.6,758.8
95,1.8,758.8
100,1.8,758.8
91,1.9,758.8
100,1.9,758.8
100,2,758.8
100,2.2,758.8
100,2.3,758.8
100,2.4,758.8
100,2.5,758.8
100,2.5,758.8
100,2.5,758.8
100,2.6,758.8
100,2.6,758.8
100,2.6,758.8
100,2.7,758.8
100,2.7,758.8
100,2.7,758.8
100,2.7,758.8
100,2.7,758.8
100,2.8,758.8
100,2.9,758.8
100,3,758.8
100,3,758.8
91,3.1,758.8
100,3.1,758.8
91,3.2,758.8
92,3.2,758.8
100,3.2,758.8
100,3.2,758.8
100,3.3,758.8
100,3.5,758.8
90,3.7,758.8
100,3.7,758.8
90,3.9,758.8
91,3.9,758.8
100,3.9,758.8
100,4.1,758.8
100,4.1,758.8
90,4.2,758.8
100,4.2,758.8
100,4.2,758.8
100,4.4,758.8
100,5.3,758.8
78,5.7,758.8
79,5.7,758.8
100,5.7,758.8
91,6.5,758.8
91,6.7,758.8
94,7,758.8
96,7.3,758.8
85,8.6,758.8
64,9.1,758.8
77,9.3,758.8
80,9.7,758.8
73,10.4,758.8
83,12.1,758.8
81,12.8,758.8
36,18.9,758.8
37,18.9,758.8
37,20.1,758.8
38,21.1,758.8
32,21.4,758.8
32,21.8,758.8
22,22.8,758.8
26,23.2,758.8
10,23.5,758.8
22,23.5,758.8
14,24.1,758.8
99,-2.2,758.9
95,-2,758.9
95,-1.8,758.9
99,-1.8,758.9
100,-1.8,758.9
100,-1.2,758.9
100,-0.4,758.9
100,-0.4,758.9
100,-0.3,758.9
100,0.8,758.9
96,1.3,758.9
96,1.4,758.9
96,1.6,758.9
94,2,758.9
95,2,758.9
90,2.1,758.9
93,2.1,758.9
100,2.3,758.9
100,2.4,758.9
100,2.4,758.9
91,2.9,758.9
100,3,758.9
100,3.1,758.9
91,3.4,758.9
92,3.4,758.9
92,3.7,758.9
79,5.5,758.9
90,6.2,758.9
94,7.1,758.9
86,8.3,758.9
87,8.7,758.9
75,10.1,758.9
87,11.2,758.9
85,11.7,758.9
39,17.8,758.9
39,18,758.9
35,20.2,758.9
39,21,758.9
38,21.2,758.9
33,21.4,758.9
23,22.2,758.9
100,-1.9,759
100,-1.9,759
100,-1.8,759
100,-1.8,759
100,-0.6,759
100,-0.6,759
100,-0.5,759
100,0,759
100,0.2,759
100,0.6,759
100,0.7,759
100,0.8,759
100,0.8,759
100,1.6,759
100,1.7,759
100,1.8,759
100,2,759
89,2.3,759
100,2.3,759
92,2.4,759
92,2.6,759
87,3.1,759
100,3.2,759
100,3.4,759
100,3.6,759
85,3.7,759
85,3.9,759
83,4.3,759
100,4.6,759
82,4.7,759
100,4.7,759
100,4.8,759
80,5.1,759
96,6.9,759
95,7.1,759
88,7.7,759
88,8,759
86,8.5,759
66,8.8,759
82,9.3,759
88,10.8,759
42,16.7,759
40,17.9,759
48,19.2,759
49,19.2,759
43,19.3,759
38,19.9,759
46,19.9,759
46,20.3,759
45,20.4,759
41,20.6,759
25,22.1,759
27,23.1,759
22,23.3,759
10,23.5,759
12,23.7,759
100,-2,759.1
100,-1.8,759.1
97,-1.4,759.1
97,-1.3,759.1
97,-1.2,759.1
98,-1,759.1
98,-0.8,759.1
100,-0.8,759.1
98,-0.6,759.1
100,-0.6,759.1
98,-0.3,759.1
99,-0.1,759.1
99,0.1,759.1
99,0.3,759.1
100,0.4,759.1
100,0.4,759.1
100,0.5,759.1
99,0.6,759.1
99,0.8,759.1
98,1.5,759.1
100,1.5,759.1
100,1.5,759.1
98,1.7,759.1
100,1.8,759.1
98,2,759.1
100,2,759.1
100,2,759.1
98,2.3,759.1
88,2.5,759.1
89,2.8,759.1
88,2.9,759.1
86,3.4,759.1
99,3.7,759.1
99,4,759.1
98,4.2,759.1
100,4.2,759.1
100,4.4,759.1
98,4.5,759.1
98,4.9,759.1
100,4.9,759.1
100,5,759.1
100,5,759.1
94,5.1,759.1
97,5.1,759.1
92,5.3,759.1
91,5.7,759.1
98,6.7,759.1
89,7.5,759.1
90,7.6,759.1
89,7.9,759.1
88,8.2,759.1
86,8.7,759.1
84,9,759.1
76,9.7,759.1
90,10.3,759.1
55,11.2,759.1
49,13.3,759.1
46,15.2,759.1
55,17.8,759.1
50,18.2,759.1
51,18.2,759.1
52,18.3,759.1
50,18.5,759.1
50,18.6,759.1
48,19.1,759.1
49,19.1,759.1
44,19.7,759.1
39,19.8,759.1
40,20.1,759.1
38,21.3,759.1
33,21.4,759.1
28,23.1,759.1
100,-0.7,759.2
100,-0.7,759.2
100,-0.7,759.2
100,-0.7,759.2
100,-0.6,759.2
100,-0.5,759.2
100,-0.2,759.2
100,0.1,759.2
100,0.2,759.2
99,0.3,759.2
99,0.4,759.2
100,0.4,759.2
99,0.9,759.2
100,0.9,759.2
99,1,759.2
100,1.1,759.2
100,1.2,759.2
100,1.2,759.2
99,1.3,759.2
100,1.3,759.2
100,1.4,759.2
100,1.5,759.2
100,1.5,759.2
100,1.6,759.2
100,1.7,759.2
100,1.7,759.2
100,2.2,759.2
100,2.4,759.2
97,2.6,759.2
100,2.6,759.2
89,2.7,759.2
100,2.7,759.2
100,2.7,759.2
97,2.9,759.2
97,3.3,759.2
96,3.5,759.2
96,4.2,759.2
100,4.2,759.2
95,4.4,759.2
94,4.8,759.2
97,5.4,759.2
97,5.6,759.2
86,6.3,759.2
90,7.3,759.2
91,7.3,759.2
88,8.1,759.2
86,8.4,759.2
79,8.5,759.2
68,8.6,759.2
65,8.9,759.2
78,9,759.2
77,9.4,759.2
60,16.4,759.2
56,17.1,759.2
48,17.4,759.2
52,17.9,759.2
42,19.5,759.2
42,19.6,759.2
42,19.8,759.2
40,20.2,759.2
40,20.3,759.2
30,21.4,759.2
38,21.4,759.2
36,21.5,759.2
27,21.6,759.2
36,21.7,759.2
26,23.1,759.2
11,23.3,759.2
13,23.7,759.2
100,-0.8,759.3
100,-0.6,759.3
100,-0.4,759.3
100,-0.4,759.3
100,-0.3,759.3
100,-0.1,759.3
100,0,759.3
100,0.2,759.3
100,0.4,759.3
99,0.6,759.3
99,0.7,759.3
99,0.8,759.3
100,0.8,759.3
99,0.9,759.3
100,0.9,759.3
100,1,759.3
99,1.1,759.3
99,1.2,759.3
100,1.4,759.3
100,1.4,759.3
100,2.6,759.3
97,5.8,759.3
97,5.9,759.3
96,6,759.3
95,6.1,759.3
99,6.5,759.3
91,7.1,759.3
91,7.1,759.3
88,7.7,759.3
82,8.1,759.3
92,10,759.3
55,16.6,759.3
53,17.5,759.3
52,17.9,759.3
45,18.8,759.3
43,19.4,759.3
42,19.6,759.3
40,20.3,759.3
42,20.5,759.3
39,20.6,759.3
32,21.2,759.3
38,21.4,759.3
37,21.5,759.3
36,21.6,759.3
35,21.9,759.3
12,22.7,759.3
29,22.8,759.3
29,23.1,759.3
100,-2.1,759.4
100,-1,759.4
100,-1,759.4
100,-0.9,759.4
100,-0.9,759.4
100,-0.9,759.4
100,-0.8,759.4
100,-0.7,759.4
100,0.2,759.4
100,0.7,759.4
98,1.3,759.4
100,1.3,759.4
100,1.4,759.4
100,2.1,759.4
100,2.5,759.4
100,4.4,759.4
99,5.7,759.4
99,5.8,759.4
99,6,759.4
95,6.2,759.4
99,6.2,759.4
94,6.4,759.4
92,6.7,759.4
92,6.8,759.4
92,6.9,759.4
92,6.9,759.4
92,6.9,759.4
92,7,759.4
91,7.1,759.4
89,7.3,759.4
83,7.7,759.4
68,8.6,759.4
65,15.7,759.4
59,16.2,759.4
46,17.6,759.4
53,17.6,759.4
46,17.8,759.4
46,17.9,759.4
51,18.1,759.4
46,18.3,759.4
42,19.2,759.4
41,19.8,759.4
44,20.2,759.4
39,20.8,759.4
40,21.3,759.4
36,21.6,759.4
15,21.8,759.4
31,21.9,759.4
34,22,759.4
16,23.3,759.4
100,-1,759.5
100,-0.7,759.5
100,0.1,759.5
100,0.1,759.5
100,0.6,759.5
98,1.3,759.5
100,1.5,759.5
100,1.6,759.5
97,1.7,759.5
97,1.9,759.5
97,2.1,759.5
97,2.2,759.5
96,2.4,759.5
100,2.5,759.5
100,2.6,759.5
100,2.7,759.5
100,2.8,759.5
100,3.2,759.5
100,4.7,759.5
99,5.5,759.5
99,5.5,759.5
99,5.6,759.5
99,5.7,759.5
94,6,759.5
94,6.2,759.5
93,6.4,759.5
94,6.4,759.5
93,6.5,759.5
93,6.5,759.5
92,6.6,759.5
92,6.7,759.5
90,7,759.5
92,7.1,759.5
85,7.2,759.5
83,7.4,759.5
100,7.8,759.5
100,8.6,759.5
94,9.8,759.5
71,14.7,759.5
47,17.4,759.5
45,18.5,759.5
49,18.6,759.5
40,20.1,759.5
43,20.3,759.5
34,20.8,759.5
39,20.9,759.5
40,21.2,759.5
17,21.6,759.5
33,22,759.5
31,22.6,759.5
30,22.9,759.5
17,23,759.5
100,-2,759.6
100,0.3,759.6
100,0.4,759.6
100,0.4,759.6
100,0.5,759.6
98,1.5,759.6
98,1.6,759.6
100,1.6,759.6
96,2.6,759.6
96,2.7,759.6
100,2.9,759.6
100,3.1,759.6
100,4.6,759.6
97,5.5,759.6
97,5.5,759.6
98,5.5,759.6
98,5.5,759.6
98,5.5,759.6
98,5.5,759.6
96,5.7,759.6
100,5.7,759.6
94,5.8,759.6
100,5.8,759.6
93,6.1,759.6
93,6.3,759.6
94,6.4,759.6
86,6.9,759.6
100,6.9,759.6
67,8.9,759.6
95,9.4,759.6
94,9.7,759.6
86,10.4,759.6
81,11.2,759.6
76,13.8,759.6
65,14.9,759.6
50,17.1,759.6
48,18.1,759.6
43,20.1,759.6
39,20.3,759.6
20,21.5,759.6
18,22.7,759.6
31,22.7,759.6
100,-2,759.7
100,-1.3,759.7
100,-1.2,759.7
100,-1.1,759.7
100,-1,759.7
100,-0.5,759.7
100,0.2,759.7
100,0.3,759.7
100,0.5,759.7
100,0.7,759.7
100,1,759.7
100,1.8,759.7
100,2.1,759.7
96,2.9,759.7
96,3.1,759.7
100,3.3,759.7
100,3.6,759.7
100,3.7,759.7
100,3.9,759.7
98,4,759.7
99,4,759.7
98,4.2,759.7
96,5.5,759.7
96,5.6,759.7
95,5.8,759.7
94,5.9,759.7
87,6.6,759.7
100,6.8,759.7
100,8.1,759.7
67,9.3,759.7
94,9.5,759.7
91,9.6,759.7
90,11.4,759.7
81,12,759.7
68,12.1,759.7
67,12.9,759.7
78,12.9,759.7
73,13.1,759.7
60,14.9,759.7
54,16.1,759.7
54,16.5,759.7
53,16.6,759.7
50,17.5,759.7
45,18.3,759.7
43,19,759.7
49,19.1,759.7
25,20.3,759.7
34,20.5,759.7
33,22,759.7
34,22.5,759.7
100,-2.1,759.8
100,-1.4,759.8
100,0.2,759.8
100,1.4,759.8
100,2.1,759.8
100,2.2,759.8
100,2.3,759.8
100,2.5,759.8
100,2.6,759.8
96,3.2,759.8
98,4.4,759.8
97,4.6,759.8
96,4.8,759.8
95,5.2,759.8
96,5.9,759.8
88,6.3,759.8
100,8.9,759.8
100,10.1,759.8
84,11.1,759.8
61,15.7,759.8
49,17.2,759.8
52,18,759.8
46,19,759.8
45,20,759.8
44,20.2,759.8
37,21.2,759.8
35,21.7,759.8
21,21.8,759.8
33,22,759.8
33,22.1,759.8
31,22.5,759.8
100,-1.9,759.9
100,-1.8,759.9
100,-1.6,759.9
100,-1.5,759.9
100,-1.5,759.9
100,-1.4,759.9
100,-0.3,759.9
100,0.1,759.9
100,0.3,759.9
100,0.7,759.9
100,1.7,759.9
100,2.1,759.9
100,2.3,759.9
100,2.3,759.9
100,2.3,759.9
100,2.3,759.9
100,2.4,759.9
100,2.4,759.9
100,2.4,759.9
100,2.4,759.9
100,2.8,759.9
100,2.9,759.9
95,3.3,759.9
95,3.5,759.9
100,3.6,759.9
95,3.7,759.9
95,3.9,759.9
94,5.6,759.9
94,5.9,759.9
88,6.1,759.9
93,6.2,759.9
96,6.2,759.9
92,6.5,759.9
92,6.8,759.9
100,8,759.9
93,9.2,759.9
68,9.7,759.9
87,10.4,759.9
64,13.6,759.9
65,14.7,759.9
58,15.4,759.9
58,16.1,759.9
55,17.1,759.9
28,19.4,759.9
43,20.4,759.9
34,20.7,759.9
25,21.1,759.9
39,21.1,759.9
37,21.4,759.9
33,22.2,759.9
33,22.2,759.9
34,22.2,759.9
100,-1.4,760
100,-1.2,760
100,0.2,760
100,0.2,760
100,2.1,760
100,2.2,760
100,2.4,760
100,2.8,760
100,3,760
100,3.2,760
100,3.3,760
100,3.5,760
100,3.6,760
100,3.7,760
100,3.8,760
95,4,760
100,4.8,760
100,4.8,760
100,5.5,760
100,5.7,760
88,5.8,760
95,6.5,760
100,6.5,760
94,6.8,760
93,6.9,760
100,8.4,760
94,9,760
90,9.3,760
71,9.5,760
100,9.5,760
88,9.8,760
88,11.1,760
75,11.6,760
73,11.9,760
70,12.8,760
67,13.7,760
69,13.7,760
62,15.1,760
33,17.9,760
30,18.7,760
45,19.4,760
33,23.1,760
100,-1.8,760.1
100,-1.8,760.1
100,-0.8,760.1
100,-0.4,760.1
100,0.1,760.1
100,0.1,760.1
100,2,760.1
100,2.1,760.1
100,2.9,760.1
100,3.4,760.1
100,3.8,760.1
100,3.9,760.1
95,4.2,760.1
100,4.7,760.1
90,5.5,760.1
100,5.5,760.1
100,6.3,760.1
100,7.3,760.1
71,9.3,760.1
97,9.4,760.1
77,10.6,760.1
75,11.2,760.1
56,13.2,760.1
48,14.7,760.1
42,16,760.1
38,16.9,760.1
43,19.8,760.1
30,20.3,760.1
35,20.4,760.1
35,21.9,760.1
28,22.4,760.1
31,22.6,760.1
100,-1.8,760.2
100,-1.5,760.2
100,0.2,760.2
100,0.8,760.2
100,1.5,760.2
100,1.6,760.2
100,1.8,760.2
100,1.9,760.2
100,3.6,760.2
100,4,760.2
100,4.2,760.2
94,4.3,760.2
100,4.6,760.2
100,5,760.2
91,5.1,760.2
100,5.1,760.2
100,5.2,760.2
90,5.3,760.2
100,5.4,760.2
100,5.6,760.2
100,6.4,760.2
100,8.1,760.2
97,8.2,760.2
94,8.6,760.2
92,8.8,760.2
77,9.2,760.2
68,9.4,760.2
68,9.6,760.2
78,10.2,760.2
61,11.7,760.2
47,18.5,760.2
34,19,760.2
36,19.9,760.2
27,21.9,760.2
32,23.2,760.2
100,-1.1,760.3
100,-0.5,760.3
100,0.3,760.3
100,1,760.3
100,1.1,760.3
100,1.2,760.3
100,1.3,760.3
100,1.4,760.3
100,1.7,760.3
100,1.7,760.3
100,1.8,760.3
100,1.9,760.3
100,2,760.3
100,2,760.3
94,4.5,760.3
100,4.5,760.3
93,4.6,760.3
100,4.7,760.3
92,4.8,760.3
92,4.9,760.3
100,4.9,760.3
100,5.1,760.3
100,5.1,760.3
100,5.1,760.3
100,5.2,760.3
100,5.2,760.3
100,5.5,760.3
100,5.7,760.3
100,6,760.3
100,6.2,760.3
98,7.1,760.3
98,7.2,760.3
97,7.6,760.3
97,7.9,760.3
95,8.3,760.3
93,8.5,760.3
68,9.6,760.3
80,9.8,760.3
41,17.9,760.3
50,18.6,760.3
36,21.3,760.3
29,21.8,760.3
100,0,760.4
100,0.8,760.4
100,0.9,760.4
100,0.9,760.4
100,2,760.4
100,2.1,760.4
100,2.2,760.4
100,2.4,760.4
100,2.6,760.4
100,2.8,760.4
100,2.9,760.4
100,5,760.4
100,5.1,760.4
100,6.2,760.4
100,6.2,760.4
100,6.4,760.4
96,6.6,760.4
99,6.6,760.4
98,6.9,760.4
93,8.2,760.4
69,9.5,760.4
81,9.7,760.4
49,14.8,760.4
44,16.6,760.4
50,18,760.4
47,18.4,760.4
38,19.7,760.4
36,21.4,760.4
34,22.3,760.4
100,0.6,760.5
100,0.8,760.5
100,0.9,760.5
100,1.5,760.5
99,1.8,760.5
99,1.9,760.5
100,2,760.5
98,2.3,760.5
98,2.3,760.5
98,2.5,760.5
97,2.6,760.5
100,3,760.5
94,6.4,760.5
96,6.4,760.5
96,6.5,760.5
97,6.5,760.5
96,6.6,760.5
97,6.6,760.5
97,6.6,760.5
97,6.7,760.5
97,6.8,760.5
97,6.9,760.5
94,7.9,760.5
81,9.7,760.5
53,13,760.5
53,17,760.5
37,21.3,760.5
30,21.6,760.5
34,21.9,760.5
100,0.7,760.6
100,0.8,760.6
100,1.4,760.6
100,1.6,760.6
100,1.7,760.6
100,1.7,760.6
100,1.9,760.6
99,2,760.6
99,2.1,760.6
100,2.5,760.6
97,2.7,760.6
96,2.8,760.6
96,3.1,760.6
100,3.2,760.6
100,4.2,760.6
94,5.8,760.6
100,5.9,760.6
96,6.7,760.6
97,6.7,760.6
97,6.7,760.6
95,6.8,760.6
97,6.8,760.6
95,7,760.6
93,7.1,760.6
92,7.5,760.6
95,7.6,760.6
83,7.8,760.6
71,9.1,760.6
80,9.9,760.6
79,10.1,760.6
65,10.6,760.6
64,14.3,760.6
59,15.9,760.6
49,18.1,760.6
38,19.6,760.6
100,1.2,760.7
100,1.4,760.7
100,1.4,760.7
100,1.9,760.7
100,1.9,760.7
100,2.6,760.7
100,3.2,760.7
96,3.3,760.7
100,3.3,760.7
100,4.5,760.7
100,5.3,760.7
96,5.4,760.7
96,7.3,760.7
78,7.6,760.7
90,7.8,760.7
75,8.3,760.7
89,8.3,760.7
86,8.8,760.7
97,10,760.7
78,10.3,760.7
79,10.3,760.7
78,12.1,760.7
39,19.3,760.7
42,20.3,760.7
32,21.4,760.7
37,21.6,760.7
100,1,760.8
100,1,760.8
100,1.1,760.8
100,1.2,760.8
100,1.3,760.8
100,1.7,760.8
100,1.9,760.8
100,3.3,760.8
96,3.4,760.8
100,3.5,760.8
100,3.5,760.8
97,5.2,760.8
100,6.3,760.8
98,7.1,760.8
80,7.5,760.8
100,7.9,760.8
80,8.2,760.8
75,8.6,760.8
100,8.8,760.8
86,9.3,760.8
85,9.5,760.8
85,9.7,760.8
84,9.8,760.8
81,10,760.8
79,10.4,760.8
47,18.7,760.8
45,19.4,760.8
39,21.4,760.8
100,0.7,760.9
100,0.7,760.9
100,0.7,760.9
100,0.8,760.9
100,0.9,760.9
100,0.9,760.9
100,1,760.9
100,1.1,760.9
100,1.1,760.9
100,1.2,760.9
100,1.4,760.9
100,1.5,760.9
100,1.5,760.9
100,1.7,760.9
100,1.9,760.9
100,2,760.9
100,2.1,760.9
100,2.5,760.9
96,3.4,760.9
95,3.5,760.9
100,3.6,760.9
98,4.6,760.9
97,5.1,760.9
83,7.3,760.9
83,7.4,760.9
82,7.5,760.9
80,7.9,760.9
79,8.4,760.9
77,8.9,760.9
74,9.1,760.9
83,9.3,760.9
82,9.7,760.9
82,9.9,760.9
48,18.6,760.9
41,18.7,760.9
31,21.5,760.9
100,0.6,761
100,0.7,761
100,0.7,761
100,0.8,761
100,0.8,761
100,0.8,761
100,0.9,761
100,1.2,761
100,1.9,761
100,2,761
100,2.9,761
100,3.2,761
95,3.7,761
99,3.7,761
99,3.7,761
100,3.8,761
94,3.9,761
94,4.1,761
94,4.1,761
99,4.2,761
99,4.4,761
99,4.5,761
100,4.8,761
98,4.9,761
89,5.1,761
86,5.7,761
85,6.3,761
98,6.9,761
82,7.2,761
82,7.3,761
82,7.3,761
86,8.4,761
85,8.9,761
50,18.1,761
44,18.9,761
40,20.4,761
100,0.3,761.1
100,0.4,761.1
100,0.7,761.1
100,2,761.1
100,2.1,761.1
100,2.1,761.1
100,2.3,761.1
99,3.8,761.1
100,4,761.1
92,4.3,761.1
97,4.3,761.1
97,4.5,761.1
90,4.6,761.1
100,5.9,761.1
91,6.5,761.1
100,6.5,761.1
83,6.8,761.1
89,7.2,761.1
88,8,761.1
53,17.3,761.1
41,18.5,761.1
46,18.7,761.1
45,19.2,761.1
32,21.7,761.1
100,0.3,761.2
100,0.7,761.2
100,0.8,761.2
100,0.9,761.2
100,3.7,761.2
100,3.8,761.2
98,3.9,761.2
98,4,761.2
98,4.2,761.2
97,4.6,761.2
93,6.1,761.2
92,6.3,761.2
99,6.4,761.2
99,6.7,761.2
90,6.8,761.2
100,6.9,761.2
100,7.3,761.2
89,7.5,761.2
100,7.9,761.2
61,15.4,761.2
55,16.7,761.2
43,17.8,761.2
34,20.5,761.2
100,0.1,761.3
100,0.1,761.3
100,0.2,761.3
100,1.3,761.3
100,2.2,761.3
100,2.7,761.3
100,3.8,761.3
97,4.7,761.3
95,4.8,761.3
97,4.8,761.3
95,5,761.3
95,5.1,761.3
94,5.2,761.3
93,5.4,761.3
93,5.7,761.3
93,5.9,761.3
99,6.2,761.3
100,7.7,761.3
100,8.3,761.3
100,8.8,761.3
88,10.1,761.3
75,11.8,761.3
68,13.3,761.3
64,14.5,761.3
61,15.3,761.3
49,18.3,761.3
36,19.7,761.3
100,0.1,761.4
100,0.1,761.4
100,1.8,761.4
100,2.3,761.4
100,2.4,761.4
100,3,761.4
100,3.5,761.4
100,3.6,761.4
52,17.2,761.4
43,17.7,761.4
46,18.5,761.4
38,19.6,761.4
36,20.4,761.4
100,0.2,761.5
100,2.3,761.5
100,2.3,761.5
100,3.1,761.5
100,3.3,761.5
100,3.6,761.5
100,4.2,761.5
100,5.8,761.5
100,6,761.5
49,16,761.5
55,16,761.5
47,16.8,761.5
44,17.5,761.5
49,18.3,761.5
37,20.2,761.5
100,0.2,761.6
100,2.4,761.6
100,2.6,761.6
100,2.8,761.6
100,2.9,761.6
100,3,761.6
100,3,761.6
100,3.1,761.6
100,3.4,761.6
100,3.5,761.6
100,3.8,761.6
100,5.7,761.6
100,5.7,761.6
100,5.9,761.6
100,7.2,761.6
65,14.2,761.6
54,14.7,761.6
51,15.4,761.6
45,19.2,761.6
39,19.5,761.6
100,0.5,761.7
100,3.2,761.7
100,3.5,761.7
100,3.6,761.7
100,4,761.7
100,4.1,761.7
100,5.4,761.7
100,5.5,761.7
100,8,761.7
95,9,761.7
80,10.3,761.7
87,12.2,761.7
63,12.9,761.7
58,14.1,761.7
47,18.1,761.7
100,0.8,761.8
100,1.2,761.8
100,1.7,761.8
100,3.3,761.8
100,3.8,761.8
100,4,761.8
100,4.1,761.8
100,4.2,761.8
100,4.4,761.8
100,4.4,761.8
100,4.5,761.8
100,4.7,761.8
100,4.7,761.8
100,4.8,761.8
100,4.9,761.8
100,5.1,761.8
100,5.3,761.8
100,5.8,761.8
100,8.4,761.8
100,9.4,761.8
100,10.4,761.8
50,17.7,761.8
40,18.4,761.8
48,18.5,761.8
100,2.5,761.9
100,3.2,761.9
100,4.1,761.9
100,5.1,761.9
100,5.5,761.9
100,6.3,761.9
100,6.3,761.9
99,6.9,761.9
100,7.7,761.9
45,17.4,761.9
43,17.6,761.9
47,18.6,761.9
100,6.1,762
83,8.3,762
46,16.9,762
46,18.7,762
100,7.2,762.1
100,9.2,762.1
74,9.8,762.1
100,10.4,762.1
51,15.8,762.1
51,17,762.1
47,17.9,762.1
100,8,762.2
67,11.1,762.2
63,12.5,762.2
73,12.8,762.2
56,14.5,762.2
56,14.8,762.2
54,15,762.2
54,16.3,762.2
48,17.5,762.2
57,14.1,762.3
59,15.1,762.3